Spacer,Scaffold,Template,PBS,link
GAGTGGACTTCGGTGCTTACC,GTTTTAGAGCTAGAAATAGCAAGTTAAAATAAGGCTAGTCCGTTATCAACTTGAAAAAGTGGCACCGAGTCGGTGC,TCGGGTAGTG,tAAAACCAGGTAAGCACCGAAGTC,['AAGAAGTT']
GCTGCACCGAGTCGTAGTCG,GTTTTAGAGCTAGAAATAGCAAGTTAAAATAAGGCTAGTCCGTTATCAACTTGAAAAAGTGGCACCGAGTCGGTGC,ACAGGAACTA,aGACCTCGACTACGACTCGGTGCA,['ATAAATAA']
GTCCTCGTCGCAGTAGAAATA,GTTTTAGAGCTAGAAATAGCAAGTTAAAATAAGGCTAGTCCGTTATCAACTTGAAAAAGTGGCACCGAGTCGGTGC,ACCTCGACTA,aGACTCGGTGCAGCCGTATTTCTACTGCGACG,['TAATAATT']
GCTATGACCTCGACTACGACT,GTTTTAGAGCTAGAAATAGCAAGTTAAAATAAGGCTAGTCCGTTATCAACTTGAAAAAGTGGCACCGAGTCGGTGC,ACGGCTGCAC,CtAGTCGTAGTCGAGGTCA,['ATGAATAA']
GTCCTCGTCGCAGTAGAAATA,GTTTTAGAGCTAGAAATAGCAAGTTAAAATAAGGCTAGTCCGTTATCAACTTGAAAAAGTGGCACCGAGTCGGTGC,ACGACTCGGT,GtAGCCGTATTTCTACTGCGACG,['CTAAATTT']
GCTATGACCTCGACTACGACT,GTTTTAGAGCTAGAAATAGCAAGTTAAAATAAGGCTAGTCCGTTATCAACTTGAAAAAGTGGCACCGAGTCGGTGC,TCGCAGTAGA,AtTACGGCTGCACCGAGTCGTAGTCGAGGTCA,['AATATAAC']
GCTATGACCTCGACTACGACT,GTTTTAGAGCTAGAAATAGCAAGTTAAAATAAGGCTAGTCCGTTATCAACTTGAAAAAGTGGCACCGAGTCGGTGC,TCCTCGTCGC,AtTAGAAATACGGCTGCACCGAGTCGTAGTCGAGGTCA,['CCTTTATC']
GCTATGACCTCGACTACGACT,GTTTTAGAGCTAGAAATAGCAAGTTAAAATAAGGCTAGTCCGTTATCAACTTGAAAAAGTGGCACCGAGTCGGTGC,TTCTCCTCCT,aGTCGCAGTAGAAATACGGCTGCACCGAGTCGTAGTCGAGGTCA,['AATATATG']
GTATTTCTACTGCGACGAGG,GTTTTAGAGCTAGAAATAGCAAGTTAAAATAAGGCTAGTCCGTTATCAACTTGAAAAAGTGGCACCGAGTCGGTGC,TGCTGCTGCT,aCTGGTAGAAGTTCTCCTCCTCGTCGCAGTAGAA,['TCGAAAGA']
GTATTTCTACTGCGACGAGG,GTTTTAGAGCTAGAAATAGCAAGTTAAAATAAGGCTAGTCCGTTATCAACTTGAAAAAGTGGCACCGAGTCGGTGC,GCTCTGCTGC,TaCTGCTGGTAGAAGTTCTCCTCCTCGTCGCAGTAGAA,['TCTTAGAC']
GATATCCTCGCTGGGCGCCGG,GTTTTAGAGCTAGAAATAGCAAGTTAAAATAAGGCTAGTCCGTTATCAACTTGAAAAAGTGGCACCGAGTCGGTGC,ACCAGCAGCA,GtAGCAGAGCGAGCTGCAGCCCCCGGCGCCCAGCGAGGATATCT,['TACATACA']
GATATCCTCGCTGGGCGCCGG,GTTTTAGAGCTAGAAATAGCAAGTTAAAATAAGGCTAGTCCGTTATCAACTTGAAAAAGTGGCACCGAGTCGGTGC,GCAGCAGCAG,tAGAGCGAGCTGCAGCCCCCGGCGCCCAGCGAGGATATCT,['AGACCATA']
GATATCCTCGCTGGGCGCCGG,GTTTTAGAGCTAGAAATAGCAAGTTAAAATAAGGCTAGTCCGTTATCAACTTGAAAAAGTGGCACCGAGTCGGTGC,GCAGCAGAGC,tAGCTGCAGCCCCCGGCGCCCAGCGAGGATATCT,['TACAATTA']
GATATCCTCGCTGGGCGCCGG,GTTTTAGAGCTAGAAATAGCAAGTTAAAATAAGGCTAGTCCGTTATCAACTTGAAAAAGTGGCACCGAGTCGGTGC,GAGCGAGCTG,tAGCCCCCGGCGCCCAGCGAGGATATCT,['GAACATAC']
GCAGAGCGAGCTGCAGCCCC,GTTTTAGAGCTAGAAATAGCAAGTTAAAATAAGGCTAGTCCGTTATCAACTTGAAAAAGTGGCACCGAGTCGGTGC,TCCAGATATC,CTaGCTGGGCGCCGGGGGCTGCAGCTCGCTCT,['AATTAACA']
GCAGCCCCCGGCGCCCAGCG,GTTTTAGAGCTAGAAATAGCAAGTTAAAATAAGGCTAGTCCGTTATCAACTTGAAAAAGTGGCACCGAGTCGGTGC,TCGAATTTCT,aCCAGATATCCTCGCTGGGCGCCGGGGGCTGCA,['ACATTATG']
GCAGCCCCCGGCGCCCAGCG,GTTTTAGAGCTAGAAATAGCAAGTTAAAATAAGGCTAGTCCGTTATCAACTTGAAAAAGTGGCACCGAGTCGGTGC,AGCTCGAATT,aCTTCCAGATATCCTCGCTGGGCGCCGGGGGCTGCA,['ATAACACA']
GCTAGGGGACAGGGGCGGGGT,GTTTTAGAGCTAGAAATAGCAAGTTAAAATAAGGCTAGTCCGTTATCAACTTGAAAAAGTGGCACCGAGTCGGTGC,GAAGAAATTC,tAGCTGCTGCCCACCCCGCCCCTGTCCCCTA,['TTAAACCT']
GGTGTGACCGCAACGTAGGA,GTTTTAGAGCTAGAAATAGCAAGTTAAAATAAGGCTAGTCCGTTATCAACTTGAAAAAGTGGCACCGAGTCGGTGC,TCCGGGCTCT,GaTCGCCCTCCTACGTTGCGGTCA,['AAGAGATG']