Spacer,Scaffold,Template,PBS
GAGTGGACTTCGGTGCTTACC,GTTTTAGAGCTAGAAATAGCAAGTTAAAATAAGGCTAGTCCGTTATCAACTTGAAAAAGTGGCACCGAGTCGGTGC,TCGGGTAGTG,tAAAACCAGGTAAGCACCGAAGTC
GCTGCACCGAGTCGTAGTCG,GTTTTAGAGCTAGAAATAGCAAGTTAAAATAAGGCTAGTCCGTTATCAACTTGAAAAAGTGGCACCGAGTCGGTGC,ACAGGAACTA,aGACCTCGACTACGACTCGGTGCA
GTCCTCGTCGCAGTAGAAATA,GTTTTAGAGCTAGAAATAGCAAGTTAAAATAAGGCTAGTCCGTTATCAACTTGAAAAAGTGGCACCGAGTCGGTGC,ACCTCGACTA,aGACTCGGTGCAGCCGTATTTCTACTGCGACG
GCTATGACCTCGACTACGACT,GTTTTAGAGCTAGAAATAGCAAGTTAAAATAAGGCTAGTCCGTTATCAACTTGAAAAAGTGGCACCGAGTCGGTGC,ACGGCTGCAC,CtAGTCGTAGTCGAGGTCA
GTCCTCGTCGCAGTAGAAATA,GTTTTAGAGCTAGAAATAGCAAGTTAAAATAAGGCTAGTCCGTTATCAACTTGAAAAAGTGGCACCGAGTCGGTGC,ACGACTCGGT,GtAGCCGTATTTCTACTGCGACG
GCTATGACCTCGACTACGACT,GTTTTAGAGCTAGAAATAGCAAGTTAAAATAAGGCTAGTCCGTTATCAACTTGAAAAAGTGGCACCGAGTCGGTGC,TCGCAGTAGA,AtTACGGCTGCACCGAGTCGTAGTCGAGGTCA
GCTATGACCTCGACTACGACT,GTTTTAGAGCTAGAAATAGCAAGTTAAAATAAGGCTAGTCCGTTATCAACTTGAAAAAGTGGCACCGAGTCGGTGC,TCCTCGTCGC,AtTAGAAATACGGCTGCACCGAGTCGTAGTCGAGGTCA
GCTATGACCTCGACTACGACT,GTTTTAGAGCTAGAAATAGCAAGTTAAAATAAGGCTAGTCCGTTATCAACTTGAAAAAGTGGCACCGAGTCGGTGC,TTCTCCTCCT,aGTCGCAGTAGAAATACGGCTGCACCGAGTCGTAGTCGAGGTCA
GTATTTCTACTGCGACGAGG,GTTTTAGAGCTAGAAATAGCAAGTTAAAATAAGGCTAGTCCGTTATCAACTTGAAAAAGTGGCACCGAGTCGGTGC,TGCTGCTGCT,aCTGGTAGAAGTTCTCCTCCTCGTCGCAGTAGAA
GTATTTCTACTGCGACGAGG,GTTTTAGAGCTAGAAATAGCAAGTTAAAATAAGGCTAGTCCGTTATCAACTTGAAAAAGTGGCACCGAGTCGGTGC,GCTCTGCTGC,TaCTGCTGGTAGAAGTTCTCCTCCTCGTCGCAGTAGAA
GATATCCTCGCTGGGCGCCGG,GTTTTAGAGCTAGAAATAGCAAGTTAAAATAAGGCTAGTCCGTTATCAACTTGAAAAAGTGGCACCGAGTCGGTGC,ACCAGCAGCA,GtAGCAGAGCGAGCTGCAGCCCCCGGCGCCCAGCGAGGATATCT
GATATCCTCGCTGGGCGCCGG,GTTTTAGAGCTAGAAATAGCAAGTTAAAATAAGGCTAGTCCGTTATCAACTTGAAAAAGTGGCACCGAGTCGGTGC,GCAGCAGCAG,tAGAGCGAGCTGCAGCCCCCGGCGCCCAGCGAGGATATCT
GATATCCTCGCTGGGCGCCGG,GTTTTAGAGCTAGAAATAGCAAGTTAAAATAAGGCTAGTCCGTTATCAACTTGAAAAAGTGGCACCGAGTCGGTGC,GCAGCAGAGC,tAGCTGCAGCCCCCGGCGCCCAGCGAGGATATCT
GATATCCTCGCTGGGCGCCGG,GTTTTAGAGCTAGAAATAGCAAGTTAAAATAAGGCTAGTCCGTTATCAACTTGAAAAAGTGGCACCGAGTCGGTGC,GAGCGAGCTG,tAGCCCCCGGCGCCCAGCGAGGATATCT
GCAGAGCGAGCTGCAGCCCC,GTTTTAGAGCTAGAAATAGCAAGTTAAAATAAGGCTAGTCCGTTATCAACTTGAAAAAGTGGCACCGAGTCGGTGC,TCCAGATATC,CTaGCTGGGCGCCGGGGGCTGCAGCTCGCTCT
GCAGCCCCCGGCGCCCAGCG,GTTTTAGAGCTAGAAATAGCAAGTTAAAATAAGGCTAGTCCGTTATCAACTTGAAAAAGTGGCACCGAGTCGGTGC,TCGAATTTCT,aCCAGATATCCTCGCTGGGCGCCGGGGGCTGCA
GCAGCCCCCGGCGCCCAGCG,GTTTTAGAGCTAGAAATAGCAAGTTAAAATAAGGCTAGTCCGTTATCAACTTGAAAAAGTGGCACCGAGTCGGTGC,AGCTCGAATT,aCTTCCAGATATCCTCGCTGGGCGCCGGGGGCTGCA
GCTAGGGGACAGGGGCGGGGT,GTTTTAGAGCTAGAAATAGCAAGTTAAAATAAGGCTAGTCCGTTATCAACTTGAAAAAGTGGCACCGAGTCGGTGC,GAAGAAATTC,tAGCTGCTGCCCACCCCGCCCCTGTCCCCTA
GGTGTGACCGCAACGTAGGA,GTTTTAGAGCTAGAAATAGCAAGTTAAAATAAGGCTAGTCCGTTATCAACTTGAAAAAGTGGCACCGAGTCGGTGC,TCCGGGCTCT,GaTCGCCCTCCTACGTTGCGGTCA